timestamp,x,y,z,vx,vy,vz,acceleration[0],acceleration[1],acceleration[2],thrust[0],thrust[1],thrust[2],yaw,yawspeed
5696523619,nan,nan,nan,nan,nan,nan,0.0,0.0,100.0,-0.0,-0.0,-0.001,1.7716206,0.0
5696534180,nan,nan,nan,nan,nan,nan,0.0,0.0,100.0,-0.0,-0.0,-0.001,1.7720522,0.0
5696623531,nan,nan,nan,nan,nan,nan,0.0,0.0,100.0,-0.0,-0.0,-0.001,1.7758017,0.0
5696724400,nan,nan,nan,nan,nan,nan,0.0,0.0,100.0,-0.0,-0.0,-0.001,1.7789594,0.0
5696823728,nan,nan,nan,nan,nan,nan,0.0,0.0,100.0,-0.0,-0.0,-0.001,1.7810049,0.0
5696923183,nan,nan,nan,nan,nan,nan,0.0,0.0,100.0,-0.0,-0.0,-0.001,1.78209,0.0
5697023839,nan,nan,nan,nan,nan,nan,0.0,0.0,100.0,-0.0,-0.0,-0.001,1.7825041,0.0
5697122874,nan,nan,nan,nan,nan,nan,0.0,0.0,100.0,-0.0,-0.0,-0.001,1.7825363,0.0
5697222779,nan,nan,nan,nan,nan,nan,0.0,0.0,100.0,-0.0,-0.0,-0.001,1.782367,0.0
5697323758,nan,nan,nan,nan,nan,nan,0.0,0.0,100.0,-0.0,-0.0,-0.001,1.7821643,0.0
5697433009,nan,nan,nan,nan,nan,nan,0.0,0.0,100.0,-0.0,-0.0,-0.001,1.7841964,0.0
5697522427,nan,nan,nan,nan,nan,nan,0.0,0.0,100.0,-0.0,-0.0,-0.001,1.7880958,0.0
5697632821,nan,nan,nan,nan,nan,nan,0.0,0.0,100.0,-0.0,-0.0,-0.001,1.792694,0.0
5697722808,nan,nan,nan,nan,nan,nan,0.0,0.0,100.0,-0.0,-0.0,-0.001,1.795574,0.0
5697821945,nan,nan,nan,nan,nan,nan,0.0,0.0,100.0,-0.0,-0.0,-0.001,1.7976979,0.0
5697922656,nan,nan,nan,nan,nan,nan,0.0,0.0,100.0,-0.0,-0.0,-0.001,1.7988548,0.0
5698022013,nan,nan,nan,nan,nan,nan,0.0,0.0,100.0,-0.0,-0.0,-0.001,1.7993273,0.0
5698131717,nan,nan,nan,nan,nan,nan,0.0,0.0,100.0,-0.0,-0.0,-0.001,1.7993528,0.0
5698221546,nan,nan,nan,nan,nan,nan,0.0,0.0,100.0,-0.0,-0.0,-0.001,1.7992035,0.0
5698331868,nan,nan,nan,nan,nan,nan,0.0,0.0,100.0,-0.0,-0.0,-0.001,1.799002,0.0
5698421212,nan,nan,nan,nan,nan,nan,0.0,0.0,100.0,-0.0,-0.0,-0.001,1.8001587,0.0
5698531597,nan,nan,nan,nan,nan,nan,0.0,0.0,100.0,-0.0,-0.0,-0.001,1.8049018,0.0
5698621461,nan,nan,nan,nan,nan,nan,0.0,0.0,100.0,-0.0,-0.0,-0.001,1.8087078,0.0
5698730961,nan,nan,nan,nan,nan,nan,0.0,0.0,100.0,-0.0,-0.0,-0.001,1.8123211,0.0
5698831258,nan,nan,nan,nan,nan,nan,0.0,0.0,100.0,-0.0,-0.0,-0.001,1.814443,0.0
5698931239,nan,nan,nan,nan,nan,nan,0.0,0.0,100.0,-0.0,-0.0,-0.001,1.8155721,0.0
5699030802,nan,nan,nan,nan,nan,nan,0.0,0.0,100.0,-0.0,-0.0,-0.001,1.8160269,0.0
5699120641,nan,nan,nan,nan,nan,nan,0.0,0.0,100.0,-0.0,-0.0,-0.001,1.8161073,0.0
5699230959,nan,nan,nan,nan,nan,nan,0.0,0.0,100.0,-0.0,-0.0,-0.001,1.8159829,0.0
5699320110,nan,nan,nan,nan,nan,nan,0.0,0.0,100.0,-0.0,-0.0,-0.001,1.8157743,0.0
5699430206,nan,nan,nan,nan,nan,nan,0.0,0.0,100.0,-0.0,-0.0,-0.001,1.816935,0.0
5699529944,nan,nan,nan,nan,nan,nan,0.0,0.0,100.0,-0.0,-0.0,-0.001,1.8212317,0.0
5699630641,nan,nan,nan,nan,nan,nan,0.0,0.0,100.0,-0.0,-0.0,-0.001,1.8255109,0.0
5699729738,nan,nan,nan,nan,nan,nan,0.0,0.0,100.0,-0.0,-0.0,-0.001,1.8289536,0.0
5699829626,nan,nan,nan,nan,nan,nan,0.0,0.0,100.0,-0.0,-0.0,-0.001,1.8312749,0.0
5699930556,nan,nan,nan,nan,nan,nan,0.0,0.0,100.0,-0.0,-0.0,-0.001,1.8325453,0.0
5700029920,nan,nan,nan,nan,nan,nan,0.0,0.0,100.0,-0.0,-0.0,-0.001,1.8330766,0.0
5700129206,nan,nan,nan,nan,nan,nan,0.0,0.0,100.0,-0.0,-0.0,-0.001,1.8331354,0.0
5700230119,nan,nan,nan,nan,nan,nan,0.0,0.0,100.0,-0.0,-0.0,-0.001,1.8329616,0.0
5700329415,nan,nan,nan,nan,nan,nan,0.0,0.0,100.0,-0.0,-0.0,-0.001,1.8327562,0.0
5700429308,nan,nan,nan,nan,nan,nan,0.0,0.0,100.0,-0.0,-0.0,-0.001,1.8334424,0.0
5700529782,nan,nan,nan,nan,nan,nan,0.0,0.0,100.0,-0.0,-0.0,-0.001,1.8377808,0.0
5700628590,nan,nan,nan,nan,nan,nan,0.0,0.0,100.0,-0.0,-0.0,-0.001,1.8421303,0.0
5700728513,nan,nan,nan,nan,nan,nan,0.0,0.0,100.0,-0.0,-0.0,-0.001,1.8456843,0.0
5700829501,nan,nan,nan,nan,nan,nan,0.0,0.0,100.0,-0.0,-0.0,-0.001,1.848083,0.0
5700928639,nan,nan,nan,nan,nan,nan,0.0,0.0,100.0,-0.0,-0.0,-0.001,1.8494078,0.0
5701028052,nan,nan,nan,nan,nan,nan,0.0,0.0,100.0,-0.0,-0.0,-0.001,1.8500041,0.0
5701129193,nan,nan,nan,nan,nan,nan,0.0,0.0,100.0,-0.0,-0.0,-0.001,1.8500578,0.0
5701227874,nan,nan,nan,nan,nan,nan,0.0,0.0,100.0,-0.0,-0.0,-0.001,1.8498827,0.0
5701327945,nan,nan,nan,nan,nan,nan,0.0,0.0,100.0,-0.0,-0.0,-0.001,1.8496695,0.0
5701428865,nan,nan,nan,nan,nan,nan,0.0,0.0,100.0,-0.0,-0.0,-0.001,1.849928,0.0
5701527862,nan,nan,nan,nan,nan,nan,0.0,0.0,100.0,-0.0,-0.0,-0.001,1.8542513,0.0
5701627236,nan,nan,nan,nan,nan,nan,0.0,0.0,100.0,-0.0,-0.0,-0.001,1.8586394,0.0
5701728237,nan,nan,nan,nan,nan,nan,0.0,0.0,100.0,-0.0,-0.0,-0.001,1.8623203,0.0
5701827488,nan,nan,nan,nan,nan,nan,0.0,0.0,100.0,-0.0,-0.0,-0.001,1.8648318,0.0
5701927364,nan,nan,nan,nan,nan,nan,0.0,0.0,100.0,-0.0,-0.0,-0.001,1.8662885,0.0
5702026840,nan,nan,nan,nan,nan,nan,0.0,0.0,100.0,-0.0,-0.0,-0.001,1.8669372,0.0
5702127257,nan,nan,nan,nan,nan,nan,0.0,0.0,100.0,-0.0,-0.0,-0.001,1.86705,0.0
5702226753,nan,nan,nan,nan,nan,nan,0.0,0.0,100.0,-0.0,-0.0,-0.001,1.8669189,0.0
5702326490,nan,nan,nan,nan,nan,nan,0.0,0.0,100.0,-0.0,-0.0,-0.001,1.8667058,0.0
5702426871,nan,nan,nan,nan,nan,nan,0.0,0.0,100.0,-0.0,-0.0,-0.001,1.8665277,0.0
5702526444,nan,nan,nan,nan,nan,nan,0.0,0.0,100.0,-0.0,-0.0,-0.001,1.8709033,0.0
5702626511,nan,nan,nan,nan,nan,nan,0.0,0.0,100.0,-0.0,-0.0,-0.001,1.8753093,0.0
5702726376,nan,nan,nan,nan,nan,nan,0.0,0.0,100.0,-0.0,-0.0,-0.001,1.8790861,0.0
5702826299,nan,nan,nan,nan,nan,nan,0.0,0.0,100.0,-0.0,-0.0,-0.001,1.8817214,0.0
5702926188,nan,nan,nan,nan,nan,nan,0.0,0.0,100.0,-0.0,-0.0,-0.001,1.8831922,0.0
5703026133,nan,nan,nan,nan,nan,nan,0.0,0.0,100.0,-0.0,-0.0,-0.001,1.8838879,0.0
5703125705,nan,nan,nan,nan,nan,nan,0.0,0.0,100.0,-0.0,-0.0,-0.001,1.8840337,0.0
5703225789,nan,nan,nan,nan,nan,nan,0.0,0.0,100.0,-0.0,-0.0,-0.001,1.8839314,0.0
5703325390,nan,nan,nan,nan,nan,nan,0.0,0.0,100.0,-0.0,-0.0,-0.001,1.8837004,0.0
5703425513,nan,nan,nan,nan,nan,nan,0.0,0.0,100.0,-0.0,-0.0,-0.001,1.8834951,0.0
5703525004,nan,nan,nan,nan,nan,nan,0.0,0.0,100.0,-0.0,-0.0,-0.001,1.8869768,0.0
5703625286,nan,nan,nan,nan,nan,nan,0.0,0.0,100.0,-0.0,-0.0,-0.001,1.891383,0.0
5703724950,nan,nan,nan,nan,nan,nan,0.0,0.0,100.0,-0.0,-0.0,-0.001,1.895388,0.0
5703824830,nan,nan,nan,nan,nan,nan,0.0,0.0,100.0,-0.0,-0.0,-0.001,1.8982421,0.0
5703924406,nan,nan,nan,nan,nan,nan,0.0,0.0,100.0,-0.0,-0.0,-0.001,1.8999683,0.0
5704024507,nan,nan,nan,nan,nan,nan,0.0,0.0,100.0,-0.0,-0.0,-0.001,1.9008044,0.0
5704124444,nan,nan,nan,nan,nan,nan,0.0,0.0,100.0,-0.0,-0.0,-0.001,1.9010472,0.0
5704224957,nan,nan,nan,nan,nan,nan,0.0,0.0,100.0,-0.0,-0.0,-0.001,1.900972,0.0
5704323860,nan,nan,nan,nan,nan,nan,0.0,0.0,100.0,-0.0,-0.0,-0.001,1.9008076,0.0
5704423754,nan,nan,nan,nan,nan,nan,0.0,0.0,100.0,-0.0,-0.0,-0.001,1.9006556,0.0
5704524118,nan,nan,nan,nan,nan,nan,0.0,0.0,100.0,-0.0,-0.0,-0.001,1.9037241,0.0
5704623785,nan,nan,nan,nan,nan,nan,0.0,0.0,100.0,-0.0,-0.0,-0.001,1.9082072,0.0
5704723862,nan,nan,nan,nan,nan,nan,0.0,0.0,100.0,-0.0,-0.0,-0.001,1.9123157,0.0
5704823243,nan,nan,nan,nan,nan,nan,0.0,0.0,100.0,-0.0,-0.0,-0.001,1.9152714,0.0
5704923092,nan,nan,nan,nan,nan,nan,0.0,0.0,100.0,-0.0,-0.0,-0.001,1.9170865,0.0
5705023043,nan,nan,nan,nan,nan,nan,0.0,0.0,100.0,-0.0,-0.0,-0.001,1.9179798,0.0
5705122925,nan,nan,nan,nan,nan,nan,0.0,0.0,100.0,-0.0,-0.0,-0.001,1.9183195,0.0
5705222920,nan,nan,nan,nan,nan,nan,0.0,0.0,100.0,-0.0,-0.0,-0.001,1.9183354,0.0
5705322638,nan,nan,nan,nan,nan,nan,0.0,0.0,100.0,-0.0,-0.0,-0.001,1.9182137,0.0
5705422547,nan,nan,nan,nan,nan,nan,0.0,0.0,100.0,-0.0,-0.0,-0.001,1.9180588,0.0
5705522668,nan,nan,nan,nan,nan,nan,0.0,0.0,100.0,-0.0,-0.0,-0.001,1.9206854,0.0
5705622558,nan,nan,nan,nan,nan,nan,0.0,0.0,100.0,-0.0,-0.0,-0.001,1.9251059,0.0
5705722441,nan,nan,nan,nan,nan,nan,0.0,0.0,100.0,-0.0,-0.0,-0.001,1.9292784,0.0
5705833187,nan,nan,nan,nan,nan,nan,0.0,0.0,100.0,-0.0,-0.0,-0.001,1.932621,0.0
5705921852,nan,nan,nan,nan,nan,nan,0.0,0.0,100.0,-0.0,-0.0,-0.001,1.9343287,0.0
5706031758,nan,nan,nan,nan,nan,nan,0.0,0.0,100.0,-0.0,-0.0,-0.001,1.935397,0.0
5706121643,nan,nan,nan,nan,nan,nan,0.0,0.0,100.0,-0.0,-0.0,-0.001,1.9356925,0.0
5706232036,nan,nan,nan,nan,nan,nan,0.0,0.0,100.0,-0.0,-0.0,-0.001,1.9356699,0.0
5706322063,nan,nan,nan,nan,nan,nan,0.0,0.0,100.0,-0.0,-0.0,-0.001,1.9354936,0.0
5706431403,nan,nan,nan,nan,nan,nan,0.0,0.0,100.0,-0.0,-0.0,-0.001,1.9352845,0.0
5706532215,nan,nan,nan,nan,nan,nan,0.0,0.0,100.0,-0.0,-0.0,-0.001,1.9378268,0.0
5706621064,nan,nan,nan,nan,nan,nan,0.0,0.0,100.0,-0.0,-0.0,-0.001,1.941787,0.0
5706731480,nan,nan,nan,nan,nan,nan,0.0,0.0,100.0,-0.0,-0.0,-0.001,1.9464071,0.0
5706821102,nan,nan,nan,nan,nan,nan,0.0,0.0,100.0,-0.0,-0.0,-0.001,1.949231,0.0
5706931144,nan,nan,nan,nan,nan,nan,0.0,0.0,100.0,-0.0,-0.0,-0.001,1.951475,0.0
5707021282,nan,nan,nan,nan,nan,nan,0.0,0.0,100.0,-0.0,-0.0,-0.001,1.9524277,0.0
5707130755,nan,nan,nan,nan,nan,nan,0.0,0.0,100.0,-0.0,-0.0,-0.001,1.9528879,0.0
5707230786,nan,nan,nan,nan,nan,nan,0.0,0.0,100.0,-0.0,-0.0,-0.001,1.9528714,0.0
5707330717,nan,nan,nan,nan,nan,nan,0.0,0.0,100.0,-0.0,-0.0,-0.001,1.9526953,0.0
5707430146,nan,nan,nan,nan,nan,nan,0.0,0.0,100.0,-0.0,-0.0,-0.001,1.9524865,0.0
5707529970,nan,nan,nan,nan,nan,nan,0.0,0.0,100.0,-0.0,-0.0,-0.001,1.9541646,0.0
5707629892,nan,nan,nan,nan,nan,nan,0.0,0.0,100.0,-0.0,-0.0,-0.001,1.9586147,0.0
5707729758,nan,nan,nan,nan,nan,nan,0.0,0.0,100.0,-0.0,-0.0,-0.001,1.963005,0.0
5707829607,nan,nan,nan,nan,nan,nan,0.0,0.0,100.0,-0.0,-0.0,-0.001,1.9663597,0.0
5707929518,nan,nan,nan,nan,nan,nan,0.0,0.0,100.0,-0.0,-0.0,-0.001,1.9685403,0.0
5708029399,nan,nan,nan,nan,nan,nan,0.0,0.0,100.0,-0.0,-0.0,-0.001,1.9697003,0.0
5708129369,nan,nan,nan,nan,nan,nan,0.0,0.0,100.0,-0.0,-0.0,-0.001,1.970153,0.0
5708229594,nan,nan,nan,nan,nan,nan,0.0,0.0,100.0,-0.0,-0.0,-0.001,1.9701544,0.0
5708329485,nan,nan,nan,nan,nan,nan,0.0,0.0,100.0,-0.0,-0.0,-0.001,1.9699614,0.0
5708428914,nan,nan,nan,nan,nan,nan,0.0,0.0,100.0,-0.0,-0.0,-0.001,1.9697431,0.0
5708528741,nan,nan,nan,nan,nan,nan,0.0,0.0,100.0,-0.0,-0.0,-0.001,1.9709467,0.0
5708629228,nan,nan,nan,nan,nan,nan,0.0,0.0,100.0,-0.0,-0.0,-0.001,1.9754069,0.0
5708728463,nan,nan,nan,nan,nan,nan,0.0,0.0,100.0,-0.0,-0.0,-0.001,1.9798182,0.0
5708828345,nan,nan,nan,nan,nan,nan,0.0,0.0,100.0,-0.0,-0.0,-0.001,1.9833112,0.0
5708928225,nan,nan,nan,nan,nan,nan,0.0,0.0,100.0,-0.0,-0.0,-0.001,1.985615,0.0
5709028561,nan,nan,nan,nan,nan,nan,0.0,0.0,100.0,-0.0,-0.0,-0.001,1.9869133,0.0
5709128221,nan,nan,nan,nan,nan,nan,0.0,0.0,100.0,-0.0,-0.0,-0.001,1.9874815,0.0
5709228342,nan,nan,nan,nan,nan,nan,0.0,0.0,100.0,-0.0,-0.0,-0.001,1.9876071,0.0
5709327757,nan,nan,nan,nan,nan,nan,0.0,0.0,100.0,-0.0,-0.0,-0.001,1.9874879,0.0
5709427569,nan,nan,nan,nan,nan,nan,0.0,0.0,100.0,-0.0,-0.0,-0.001,1.9872978,0.0
5709527527,nan,nan,nan,nan,nan,nan,0.0,0.0,100.0,-0.0,-0.0,-0.001,1.9880315,0.0
5709627372,nan,nan,nan,nan,nan,nan,0.0,0.0,100.0,-0.0,-0.0,-0.001,1.9924942,0.0
5709727191,nan,nan,nan,nan,nan,nan,0.0,0.0,100.0,-0.0,-0.0,-0.001,1.9969174,0.0
5709827124,nan,nan,nan,nan,nan,nan,0.0,0.0,100.0,-0.0,-0.0,-0.001,2.000499,0.0
5709927035,nan,nan,nan,nan,nan,nan,0.0,0.0,100.0,-0.0,-0.0,-0.001,2.002916,0.0
5710027151,nan,nan,nan,nan,nan,nan,0.0,0.0,100.0,-0.0,-0.0,-0.001,2.0042505,0.0
5710127326,nan,nan,nan,nan,nan,nan,0.0,0.0,100.0,-0.0,-0.0,-0.001,2.0048423,0.0
5710227738,nan,nan,nan,nan,nan,nan,0.0,0.0,100.0,-0.0,-0.0,-0.001,2.004957,0.0
5710326460,nan,nan,nan,nan,nan,nan,0.0,0.0,100.0,-0.0,-0.0,-0.001,2.0048366,0.0
5710426355,nan,nan,nan,nan,nan,nan,0.0,0.0,100.0,-0.0,-0.0,-0.001,2.0045934,0.0
5710527001,nan,nan,nan,nan,nan,nan,0.0,0.0,100.0,-0.0,-0.0,-0.001,2.0048814,0.0
5710626353,nan,nan,nan,nan,nan,nan,0.0,0.0,100.0,-0.0,-0.0,-0.001,2.0093231,0.0
5710726891,nan,nan,nan,nan,nan,nan,0.0,0.0,100.0,-0.0,-0.0,-0.001,2.0137997,0.0
5710826900,nan,nan,nan,nan,nan,nan,0.0,0.0,100.0,-0.0,-0.0,-0.001,2.0175686,0.0
5710925669,nan,nan,nan,nan,nan,nan,0.0,0.0,100.0,-0.0,-0.0,-0.001,2.0201807,0.0
5711026054,nan,nan,nan,nan,nan,nan,0.0,0.0,100.0,-0.0,-0.0,-0.001,2.0216463,0.0
5711126244,nan,nan,nan,nan,nan,nan,0.0,0.0,100.0,-0.0,-0.0,-0.001,2.0223384,0.0
5711225839,nan,nan,nan,nan,nan,nan,0.0,0.0,100.0,-0.0,-0.0,-0.001,2.022488,0.0
5711325291,nan,nan,nan,nan,nan,nan,0.0,0.0,100.0,-0.0,-0.0,-0.001,2.0224009,0.0
5711426179,nan,nan,nan,nan,nan,nan,0.0,0.0,100.0,-0.0,-0.0,-0.001,2.0221653,0.0
5711525543,nan,nan,nan,nan,nan,nan,0.0,0.0,100.0,-0.0,-0.0,-0.001,2.0219672,0.0
5711625309,nan,nan,nan,nan,nan,nan,0.0,0.0,100.0,-0.0,-0.0,-0.001,2.0264406,0.0
5711725688,nan,nan,nan,nan,nan,nan,0.0,0.0,100.0,-0.0,-0.0,-0.001,2.0309296,0.0
5711825239,nan,nan,nan,nan,nan,nan,0.0,0.0,100.0,-0.0,-0.0,-0.001,2.034795,0.0
5711924954,nan,nan,nan,nan,nan,nan,0.0,0.0,100.0,-0.0,-0.0,-0.001,2.0375242,0.0
5712025395,nan,nan,nan,nan,nan,nan,0.0,0.0,100.0,-0.0,-0.0,-0.001,2.0390978,0.0
5712124457,nan,nan,nan,nan,nan,nan,0.0,0.0,100.0,-0.0,-0.0,-0.001,2.0398397,0.0
5712224333,nan,nan,nan,nan,nan,nan,0.0,0.0,100.0,-0.0,-0.0,-0.001,2.0400631,0.0
5712325139,nan,nan,nan,nan,nan,nan,0.0,0.0,100.0,-0.0,-0.0,-0.001,2.039966,0.0
5712424067,nan,nan,nan,nan,nan,nan,0.0,0.0,100.0,-0.0,-0.0,-0.001,2.039759,0.0
5712523944,nan,nan,nan,nan,nan,nan,0.0,0.0,100.0,-0.0,-0.0,-0.001,2.0395536,0.0
5712623863,nan,nan,nan,nan,nan,nan,0.0,0.0,100.0,-0.0,-0.0,-0.001,2.0435767,0.0
5712723715,nan,nan,nan,nan,nan,nan,0.0,0.0,100.0,-0.0,-0.0,-0.001,2.0480804,0.0
5712824151,nan,nan,nan,nan,nan,nan,0.0,0.0,100.0,-0.0,-0.0,-0.001,2.052082,0.0
5712923480,nan,nan,nan,nan,nan,nan,0.0,0.0,100.0,-0.0,-0.0,-0.001,2.0548825,0.0
5713023284,nan,nan,nan,nan,nan,nan,0.0,0.0,100.0,-0.0,-0.0,-0.001,2.056558,0.0
5713123241,nan,nan,nan,nan,nan,nan,0.0,0.0,100.0,-0.0,-0.0,-0.001,2.0573568,0.0
5713223119,nan,nan,nan,nan,nan,nan,0.0,0.0,100.0,-0.0,-0.0,-0.001,2.0575848,0.0
5713322667,nan,nan,nan,nan,nan,nan,0.0,0.0,100.0,-0.0,-0.0,-0.001,2.0574975,0.0
5713422574,nan,nan,nan,nan,nan,nan,0.0,0.0,100.0,-0.0,-0.0,-0.001,2.057272,0.0
5713533015,nan,nan,nan,nan,nan,nan,0.0,0.0,100.0,-0.0,-0.0,-0.001,2.057058,0.0
5713622276,nan,nan,nan,nan,nan,nan,0.0,0.0,100.0,-0.0,-0.0,-0.001,2.06066,0.0
5713732741,nan,nan,nan,nan,nan,nan,0.0,0.0,100.0,-0.0,-0.0,-0.001,2.065658,0.0
5713822547,nan,nan,nan,nan,nan,nan,0.0,0.0,100.0,-0.0,-0.0,-0.001,2.0693622,0.0
5713922073,nan,nan,nan,nan,nan,nan,0.0,0.0,100.0,-0.0,-0.0,-0.001,2.0723624,0.0
5714021817,nan,nan,nan,nan,nan,nan,0.0,0.0,100.0,-0.0,-0.0,-0.001,2.0741577,0.0
5714121686,nan,nan,nan,nan,nan,nan,0.0,0.0,100.0,-0.0,-0.0,-0.001,2.0750184,0.0
5714231853,nan,nan,nan,nan,nan,nan,0.0,0.0,100.0,-0.0,-0.0,-0.001,2.0753136,0.0
5714321454,nan,nan,nan,nan,nan,nan,0.0,0.0,100.0,-0.0,-0.0,-0.001,2.0752125,0.0
5714431433,nan,nan,nan,nan,nan,nan,0.0,0.0,100.0,-0.0,-0.0,-0.001,2.0749996,0.0
5714521473,nan,nan,nan,nan,nan,nan,0.0,0.0,100.0,-0.0,-0.0,-0.001,2.0748138,0.0
5714631901,nan,nan,nan,nan,nan,nan,0.0,0.0,100.0,-0.0,-0.0,-0.001,2.078351,0.0
5714721223,nan,nan,nan,nan,nan,nan,0.0,0.0,100.0,-0.0,-0.0,-0.001,2.0824502,0.0
5714831401,nan,nan,nan,nan,nan,nan,0.0,0.0,100.0,-0.0,-0.0,-0.001,2.0869794,0.0
5714931796,nan,nan,nan,nan,nan,nan,0.0,0.0,100.0,-0.0,-0.0,-0.001,2.089919,0.0
5715030791,nan,nan,nan,nan,nan,nan,0.0,0.0,100.0,-0.0,-0.0,-0.001,2.0916948,0.0
5715131112,nan,nan,nan,nan,nan,nan,0.0,0.0,100.0,-0.0,-0.0,-0.001,2.0925202,0.0
5715231202,nan,nan,nan,nan,nan,nan,0.0,0.0,100.0,-0.0,-0.0,-0.001,2.0927684,0.0
5715330234,nan,nan,nan,nan,nan,nan,0.0,0.0,100.0,-0.0,-0.0,-0.001,2.0927207,0.0
5715420544,nan,nan,nan,nan,nan,nan,0.0,0.0,100.0,-0.0,-0.0,-0.001,2.0925417,0.0
5715531054,nan,nan,nan,nan,nan,nan,0.0,0.0,100.0,-0.0,-0.0,-0.001,2.0923114,0.0
5715630364,nan,nan,nan,nan,nan,nan,0.0,0.0,100.0,-0.0,-0.0,-0.001,2.0953984,0.0
5715729770,nan,nan,nan,nan,nan,nan,0.0,0.0,100.0,-0.0,-0.0,-0.001,2.0999362,0.0
5715830429,nan,nan,nan,nan,nan,nan,0.0,0.0,100.0,-0.0,-0.0,-0.001,2.1041722,0.0
5715929937,nan,nan,nan,nan,nan,nan,0.0,0.0,100.0,-0.0,-0.0,-0.001,2.1072319,0.0
5716029901,nan,nan,nan,nan,nan,nan,0.0,0.0,100.0,-0.0,-0.0,-0.001,2.1091185,0.0
5716130046,nan,nan,nan,nan,nan,nan,0.0,0.0,100.0,-0.0,-0.0,-0.001,2.110052,0.0
5716229621,nan,nan,nan,nan,nan,nan,0.0,0.0,100.0,-0.0,-0.0,-0.001,2.1103053,0.0
5716329551,nan,nan,nan,nan,nan,nan,0.0,0.0,100.0,-0.0,-0.0,-0.001,2.1102486,0.0
5716429952,nan,nan,nan,nan,nan,nan,0.0,0.0,100.0,-0.0,-0.0,-0.001,2.1100457,0.0
5716529234,nan,nan,nan,nan,nan,nan,0.0,0.0,100.0,-0.0,-0.0,-0.001,2.109847,0.0
5716628669,nan,nan,nan,nan,nan,nan,0.0,0.0,100.0,-0.0,-0.0,-0.001,2.1124897,0.0
5716729624,nan,nan,nan,nan,nan,nan,0.0,0.0,100.0,-0.0,-0.0,-0.001,2.1170335,0.0
5716828432,nan,nan,nan,nan,nan,nan,0.0,0.0,100.0,-0.0,-0.0,-0.001,2.1214118,0.0
5716928909,nan,nan,nan,nan,nan,nan,0.0,0.0,100.0,-0.0,-0.0,-0.001,2.1246424,0.0
5717028134,nan,nan,nan,nan,nan,nan,0.0,0.0,100.0,-0.0,-0.0,-0.001,2.126684,0.0
5717128039,nan,nan,nan,nan,nan,nan,0.0,0.0,100.0,-0.0,-0.0,-0.001,2.1277466,0.0
5717228742,nan,nan,nan,nan,nan,nan,0.0,0.0,100.0,-0.0,-0.0,-0.001,2.1281312,0.0
5717328198,nan,nan,nan,nan,nan,nan,0.0,0.0,100.0,-0.0,-0.0,-0.001,2.128098,0.0
5717427623,nan,nan,nan,nan,nan,nan,0.0,0.0,100.0,-0.0,-0.0,-0.001,2.1279004,0.0
5717527508,nan,nan,nan,nan,nan,nan,0.0,0.0,100.0,-0.0,-0.0,-0.001,2.1277056,0.0
5717627452,nan,nan,nan,nan,nan,nan,0.0,0.0,100.0,-0.0,-0.0,-0.001,2.1294317,0.0
5717727317,nan,nan,nan,nan,nan,nan,0.0,0.0,100.0,-0.0,-0.0,-0.001,2.1339421,0.0
5717827112,nan,nan,nan,nan,nan,nan,0.0,0.0,100.0,-0.0,-0.0,-0.001,2.1384258,0.0
5717927014,nan,nan,nan,nan,nan,nan,0.0,0.0,100.0,-0.0,-0.0,-0.001,2.1419106,0.0
5718027344,nan,nan,nan,nan,nan,nan,0.0,0.0,100.0,-0.0,-0.0,-0.001,2.1441712,0.0
5718126766,nan,nan,nan,nan,nan,nan,0.0,0.0,100.0,-0.0,-0.0,-0.001,2.1453912,0.0
5718226665,nan,nan,nan,nan,nan,nan,0.0,0.0,100.0,-0.0,-0.0,-0.001,2.14587,0.0
5718326542,nan,nan,nan,nan,nan,nan,0.0,0.0,100.0,-0.0,-0.0,-0.001,2.1459029,0.0
5718426349,nan,nan,nan,nan,nan,nan,0.0,0.0,100.0,-0.0,-0.0,-0.001,2.145752,0.0
5718526342,nan,nan,nan,nan,nan,nan,0.0,0.0,100.0,-0.0,-0.0,-0.001,2.145502,0.0
5718626665,nan,nan,nan,nan,nan,nan,0.0,0.0,100.0,-0.0,-0.0,-0.001,2.1466904,0.0
5718726537,nan,nan,nan,nan,nan,nan,0.0,0.0,100.0,-0.0,-0.0,-0.001,2.1512387,0.0
5718826492,nan,nan,nan,nan,nan,nan,0.0,0.0,100.0,-0.0,-0.0,-0.001,2.1557212,0.0
5718926229,nan,nan,nan,nan,nan,nan,0.0,0.0,100.0,-0.0,-0.0,-0.001,2.159248,0.0
5719025895,nan,nan,nan,nan,nan,nan,0.0,0.0,100.0,-0.0,-0.0,-0.001,2.1615982,0.0
5719125610,nan,nan,nan,nan,nan,nan,0.0,0.0,100.0,-0.0,-0.0,-0.001,2.162908,0.0
5719225851,nan,nan,nan,nan,nan,nan,0.0,0.0,100.0,-0.0,-0.0,-0.001,2.1634426,0.0
5719326094,nan,nan,nan,nan,nan,nan,0.0,0.0,100.0,-0.0,-0.0,-0.001,2.1634855,0.0
5719425589,nan,nan,nan,nan,nan,nan,0.0,0.0,100.0,-0.0,-0.0,-0.001,2.1632864,0.0
5719525470,nan,nan,nan,nan,nan,nan,0.0,0.0,100.0,-0.0,-0.0,-0.001,2.1630495,0.0
5719625108,nan,nan,nan,nan,nan,nan,0.0,0.0,100.0,-0.0,-0.0,-0.001,2.1638043,0.0
5719725234,nan,nan,nan,nan,nan,nan,0.0,0.0,100.0,-0.0,-0.0,-0.001,2.1683745,0.0
5719825100,nan,nan,nan,nan,nan,nan,0.0,0.0,100.0,-0.0,-0.0,-0.001,2.1729894,0.0
5719924764,nan,nan,nan,nan,nan,nan,0.0,0.0,100.0,-0.0,-0.0,-0.001,2.1767507,0.0
5720024906,nan,nan,nan,nan,nan,nan,0.0,0.0,100.0,-0.0,-0.0,-0.001,2.1792562,0.0
5720124497,nan,nan,nan,nan,nan,nan,0.0,0.0,100.0,-0.0,-0.0,-0.001,2.180688,0.0
5720224373,nan,nan,nan,nan,nan,nan,0.0,0.0,100.0,-0.0,-0.0,-0.001,2.1812716,0.0
5720324456,nan,nan,nan,nan,nan,nan,0.0,0.0,100.0,-0.0,-0.0,-0.001,2.1813216,0.0
5720424432,nan,nan,nan,nan,nan,nan,0.0,0.0,100.0,-0.0,-0.0,-0.001,2.1811755,0.0
5720523966,nan,nan,nan,nan,nan,nan,0.0,0.0,100.0,-0.0,-0.0,-0.001,2.1808949,0.0
5720624127,nan,nan,nan,nan,nan,nan,0.0,0.0,100.0,-0.0,-0.0,-0.001,2.1807175,0.0
5720724014,nan,nan,nan,nan,nan,nan,0.0,0.0,100.0,-0.0,-0.0,-0.001,2.185304,0.0
5720824325,nan,nan,nan,nan,nan,nan,0.0,0.0,100.0,-0.0,-0.0,-0.001,2.1899788,0.0
5720923495,nan,nan,nan,nan,nan,nan,0.0,0.0,100.0,-0.0,-0.0,-0.001,2.193963,0.0
5721023593,nan,nan,nan,nan,nan,nan,0.0,0.0,100.0,-0.0,-0.0,-0.001,2.1967528,0.0
5721123940,nan,nan,nan,nan,nan,nan,0.0,0.0,100.0,-0.0,-0.0,-0.001,2.1983652,0.0
5721223149,nan,nan,nan,nan,nan,nan,0.0,0.0,100.0,-0.0,-0.0,-0.001,2.1991105,0.0
5721322750,nan,nan,nan,nan,nan,nan,0.0,0.0,100.0,-0.0,-0.0,-0.001,2.199269,0.0
5721423987,nan,nan,nan,nan,nan,nan,0.0,0.0,100.0,-0.0,-0.0,-0.001,2.1991713,0.0
5721522718,nan,nan,nan,nan,nan,nan,0.0,0.0,100.0,-0.0,-0.0,-0.001,2.198971,0.0
5721622369,nan,nan,nan,nan,nan,nan,0.0,0.0,100.0,-0.0,-0.0,-0.001,2.1987026,0.0
5721722980,nan,nan,nan,nan,nan,nan,0.0,0.0,100.0,-0.0,-0.0,-0.001,2.202786,0.0
5721822130,nan,nan,nan,nan,nan,nan,0.0,0.0,100.0,-0.0,-0.0,-0.001,2.2073946,0.0
5721932498,nan,nan,nan,nan,nan,nan,0.0,0.0,100.0,-0.0,-0.0,-0.001,2.211816,0.0
5722022656,nan,nan,nan,nan,nan,nan,0.0,0.0,100.0,-0.0,-0.0,-0.001,2.2143707,0.0
5722132355,nan,nan,nan,nan,nan,nan,0.0,0.0,100.0,-0.0,-0.0,-0.001,2.216211,0.0
5722221929,nan,nan,nan,nan,nan,nan,0.0,0.0,100.0,-0.0,-0.0,-0.001,2.2169213,0.0
5722331964,nan,nan,nan,nan,nan,nan,0.0,0.0,100.0,-0.0,-0.0,-0.001,2.217122,0.0
5722421633,nan,nan,nan,nan,nan,nan,0.0,0.0,100.0,-0.0,-0.0,-0.001,2.217007,0.0
5722531740,nan,nan,nan,nan,nan,nan,0.0,0.0,100.0,-0.0,-0.0,-0.001,2.2167056,0.0
5722631661,nan,nan,nan,nan,nan,nan,0.0,0.0,100.0,-0.0,-0.0,-0.001,2.2164776,0.0
5722721019,nan,nan,nan,nan,nan,nan,0.0,0.0,100.0,-0.0,-0.0,-0.001,2.2201233,0.0
5722831352,nan,nan,nan,nan,nan,nan,0.0,0.0,100.0,-0.0,-0.0,-0.001,2.2251935,0.0
5722921650,nan,nan,nan,nan,nan,nan,0.0,0.0,100.0,-0.0,-0.0,-0.001,2.2289164,0.0
5723030685,nan,nan,nan,nan,nan,nan,0.0,0.0,100.0,-0.0,-0.0,-0.001,2.232192,0.0
5723120718,nan,nan,nan,nan,nan,nan,0.0,0.0,100.0,-0.0,-0.0,-0.001,2.2337797,0.0
5723230452,nan,nan,nan,nan,nan,nan,0.0,0.0,100.0,-0.0,-0.0,-0.001,2.2347174,0.0
5723330267,nan,nan,nan,nan,nan,nan,0.0,0.0,100.0,-0.0,-0.0,-0.001,2.2349427,0.0
5723430216,nan,nan,nan,nan,nan,nan,0.0,0.0,100.0,-0.0,-0.0,-0.001,2.2348557,0.0
5723530522,nan,nan,nan,nan,nan,nan,0.0,0.0,100.0,-0.0,-0.0,-0.001,2.234647,0.0
5723630371,nan,nan,nan,nan,nan,nan,0.0,0.0,100.0,-0.0,-0.0,-0.001,2.2344046,0.0
5723730515,nan,nan,nan,nan,nan,nan,0.0,0.0,100.0,-0.0,-0.0,-0.001,2.2380152,0.0
5723829740,nan,nan,nan,nan,nan,nan,0.0,0.0,100.0,-0.0,-0.0,-0.001,2.2425766,0.0
5723929740,nan,nan,nan,nan,nan,nan,0.0,0.0,100.0,-0.0,-0.0,-0.001,2.2467446,0.0
5724029476,nan,nan,nan,nan,nan,nan,0.0,0.0,100.0,-0.0,-0.0,-0.001,2.2497215,0.0
5724129793,nan,nan,nan,nan,nan,nan,0.0,0.0,100.0,-0.0,-0.0,-0.001,2.251534,0.0
5724229685,nan,nan,nan,nan,nan,nan,0.0,0.0,100.0,-0.0,-0.0,-0.001,2.2523868,0.0
5724329543,nan,nan,nan,nan,nan,nan,0.0,0.0,100.0,-0.0,-0.0,-0.001,2.2526488,0.0
5724429455,nan,nan,nan,nan,nan,nan,0.0,0.0,100.0,-0.0,-0.0,-0.001,2.2525864,0.0
5724529285,nan,nan,nan,nan,nan,nan,0.0,0.0,100.0,-0.0,-0.0,-0.001,2.2523844,0.0
5724629753,nan,nan,nan,nan,nan,nan,0.0,0.0,100.0,-0.0,-0.0,-0.001,2.2521894,0.0
5724728986,nan,nan,nan,nan,nan,nan,0.0,0.0,100.0,-0.0,-0.0,-0.001,2.2553515,0.0
5724828479,nan,nan,nan,nan,nan,nan,0.0,0.0,100.0,-0.0,-0.0,-0.001,2.2600093,0.0
5724929110,nan,nan,nan,nan,nan,nan,0.0,0.0,100.0,-0.0,-0.0,-0.001,2.26433,0.0
5725028228,nan,nan,nan,nan,nan,nan,0.0,0.0,100.0,-0.0,-0.0,-0.001,2.2674732,0.0
5725128142,nan,nan,nan,nan,nan,nan,0.0,0.0,100.0,-0.0,-0.0,-0.001,2.2694502,0.0
5725229087,nan,nan,nan,nan,nan,nan,0.0,0.0,100.0,-0.0,-0.0,-0.001,2.2775362,0.0
5725328420,nan,nan,nan,nan,nan,nan,0.0,0.0,100.0,-0.0,-0.0,-0.001,2.3074784,0.0
5725427731,nan,nan,nan,nan,nan,nan,0.0,0.0,100.0,-0.0,-0.0,-0.001,2.3548057,0.0
5725528419,nan,nan,nan,nan,nan,nan,0.0,0.0,100.0,-0.0,-0.0,-0.001,2.4124951,0.0
5725627654,nan,nan,nan,nan,nan,nan,0.0,0.0,100.0,-0.0,-0.0,-0.001,2.4725938,0.0
5725727362,nan,nan,nan,nan,nan,nan,0.0,0.0,100.0,-0.0,-0.0,-0.001,2.5277603,0.0
5725828421,nan,nan,nan,nan,nan,nan,0.0,0.0,100.0,-0.0,-0.0,-0.001,2.5751736,0.0
5725927064,nan,nan,nan,nan,nan,nan,0.0,0.0,100.0,-0.0,-0.0,-0.001,2.6148307,0.0
5726026985,nan,nan,nan,nan,nan,nan,0.0,0.0,100.0,-0.0,-0.0,-0.001,2.6493833,0.0
5726127645,nan,nan,nan,nan,nan,nan,0.0,0.0,100.0,-0.0,-0.0,-0.001,2.68029,0.0
5726227220,nan,nan,nan,nan,nan,nan,0.0,0.0,100.0,-0.0,-0.0,-0.001,2.7091248,0.0
5726326565,nan,nan,nan,nan,nan,nan,0.0,0.0,100.0,-0.0,-0.0,-0.001,2.7363844,0.0
5726427564,nan,nan,nan,nan,nan,nan,0.0,0.0,100.0,-0.0,-0.0,-0.001,2.7617688,0.0
5726526869,nan,nan,nan,nan,nan,nan,0.0,0.0,100.0,-0.0,-0.0,-0.001,2.7863932,0.0
5726626737,nan,nan,nan,nan,nan,nan,0.0,0.0,100.0,-0.0,-0.0,-0.001,2.8101573,0.0
5726726857,nan,nan,nan,nan,nan,nan,0.0,0.0,100.0,-0.0,-0.0,-0.001,2.8321524,0.0
5726825859,nan,nan,nan,nan,nan,nan,0.0,0.0,100.0,-0.0,-0.0,-0.001,2.8517733,0.0
5726926364,nan,nan,nan,nan,nan,nan,0.0,0.0,100.0,-0.0,-0.0,-0.001,2.8693194,0.0
5727026463,nan,nan,nan,nan,nan,nan,0.0,0.0,100.0,-0.0,-0.0,-0.001,2.88527,0.0
5727126116,nan,nan,nan,nan,nan,nan,0.0,0.0,100.0,-0.0,-0.0,-0.001,2.8997564,0.0
5727225489,nan,nan,nan,nan,nan,nan,0.0,0.0,100.0,-0.0,-0.0,-0.001,2.9132164,0.0
5727326115,nan,nan,nan,nan,nan,nan,0.0,0.0,100.0,-0.0,-0.0,-0.001,2.9256315,0.0
5727425805,nan,nan,nan,nan,nan,nan,0.0,0.0,100.0,-0.0,-0.0,-0.001,2.9367805,0.0
5727525824,nan,nan,nan,nan,nan,nan,0.0,0.0,100.0,-0.0,-0.0,-0.001,2.9462078,0.0
5727625501,nan,nan,nan,nan,nan,nan,0.0,0.0,100.0,-0.0,-0.0,-0.001,2.953828,0.0
5727725396,nan,nan,nan,nan,nan,nan,0.0,0.0,100.0,-0.0,-0.0,-0.001,2.960601,0.0
5727825265,nan,nan,nan,nan,nan,nan,0.0,0.0,100.0,-0.0,-0.0,-0.001,2.966822,0.0
5727925154,nan,nan,nan,nan,nan,nan,0.0,0.0,100.0,-0.0,-0.0,-0.001,2.9734638,0.0
5728025010,nan,nan,nan,nan,nan,nan,0.0,0.0,100.0,-0.0,-0.0,-0.001,2.9797492,0.0
5728124870,nan,nan,nan,nan,nan,nan,0.0,0.0,100.0,-0.0,-0.0,-0.001,2.9858272,0.0
5728224646,nan,nan,nan,nan,nan,nan,0.0,0.0,100.0,-0.0,-0.0,-0.001,2.9914582,0.0
5728324321,nan,nan,nan,nan,nan,nan,0.0,0.0,100.0,-0.0,-0.0,-0.001,2.9972177,0.0
5728424442,nan,nan,nan,nan,nan,nan,0.0,0.0,100.0,-0.0,-0.0,-0.001,3.002627,0.0
5728524293,nan,nan,nan,nan,nan,nan,0.0,0.0,100.0,-0.0,-0.0,-0.001,3.0078297,0.0
5728624158,nan,nan,nan,nan,nan,nan,0.0,0.0,100.0,-0.0,-0.0,-0.001,3.0124762,0.0
5728724035,nan,nan,nan,nan,nan,nan,0.0,0.0,100.0,-0.0,-0.0,-0.001,3.0166068,0.0
5728823941,nan,nan,nan,nan,nan,nan,0.0,0.0,100.0,-0.0,-0.0,-0.001,3.0205522,0.0
5728923191,nan,nan,nan,nan,nan,nan,0.0,0.0,100.0,-0.0,-0.0,-0.001,3.0239964,0.0
5729023240,nan,nan,nan,nan,nan,nan,0.0,0.0,100.0,-0.0,-0.0,-0.001,3.0270789,0.0
5729123739,nan,nan,nan,nan,nan,nan,0.0,0.0,100.0,-0.0,-0.0,-0.001,3.0299883,0.0
5729223447,nan,nan,nan,nan,nan,nan,0.0,0.0,100.0,-0.0,-0.0,-0.001,3.033061,0.0
5729323339,nan,nan,nan,nan,nan,nan,0.0,0.0,100.0,-0.0,-0.0,-0.001,3.0367491,0.0
5729422786,nan,nan,nan,nan,nan,nan,0.0,0.0,100.0,-0.0,-0.0,-0.001,3.0415654,0.0
5729522493,nan,nan,nan,nan,nan,nan,0.0,0.0,100.0,-0.0,-0.0,-0.001,3.0463758,0.0
5729633658,nan,nan,nan,nan,nan,nan,0.0,0.0,100.0,-0.0,-0.0,-0.001,3.0512812,0.0
5729722872,nan,nan,nan,nan,nan,nan,0.0,0.0,100.0,-0.0,-0.0,-0.001,3.0544,0.0
5729832811,nan,nan,nan,nan,nan,nan,0.0,0.0,100.0,-0.0,-0.0,-0.001,3.0573492,0.0
5729921992,nan,nan,nan,nan,nan,nan,0.0,0.0,100.0,-0.0,-0.0,-0.001,3.0594075,0.0
5730022475,nan,nan,nan,nan,nan,nan,0.0,0.0,100.0,-0.0,-0.0,-0.001,3.0618691,0.0
5730121742,nan,nan,nan,nan,nan,nan,0.0,0.0,100.0,-0.0,-0.0,-0.001,3.0632272,0.0
5730221663,nan,nan,nan,nan,nan,nan,0.0,0.0,100.0,-0.0,-0.0,-0.001,3.0650322,0.0
5730332132,nan,nan,nan,nan,nan,nan,0.0,0.0,100.0,-0.0,-0.0,-0.001,3.0674365,0.0
5730421940,nan,nan,nan,nan,nan,nan,0.0,0.0,100.0,-0.0,-0.0,-0.001,3.0701232,0.0
5730532597,nan,nan,nan,nan,nan,nan,0.0,0.0,100.0,-0.0,-0.0,-0.001,3.0727377,0.0
5730621189,nan,nan,nan,nan,nan,nan,0.0,0.0,100.0,-0.0,-0.0,-0.001,3.0751615,0.0
5730731757,nan,nan,nan,nan,nan,nan,0.0,0.0,100.0,-0.0,-0.0,-0.001,3.0783565,0.0
5730820947,nan,nan,nan,nan,nan,nan,0.0,0.0,100.0,-0.0,-0.0,-0.001,3.080711,0.0
5730931393,nan,nan,nan,nan,nan,nan,0.0,0.0,100.0,-0.0,-0.0,-0.001,3.0821736,0.0
5731031326,nan,nan,nan,nan,nan,nan,0.0,0.0,100.0,-0.0,-0.0,-0.001,3.0838065,0.0
5731131766,nan,nan,nan,nan,nan,nan,0.0,0.0,100.0,-0.0,-0.0,-0.001,3.0860841,0.0
5731230985,nan,nan,nan,nan,nan,nan,0.0,0.0,100.0,-0.0,-0.0,-0.001,3.089244,0.0
5731330921,nan,nan,nan,nan,nan,nan,0.0,0.0,100.0,-0.0,-0.0,-0.001,3.0933151,0.0
5731430804,nan,nan,nan,nan,nan,nan,0.0,0.0,100.0,-0.0,-0.0,-0.001,3.0979912,0.0
5731520071,nan,nan,nan,nan,nan,nan,0.0,0.0,100.0,-0.0,-0.0,-0.001,3.1023545,0.0
5731630550,nan,nan,nan,nan,nan,nan,0.0,0.0,100.0,-0.0,-0.0,-0.001,3.1076524,0.0
5731730390,nan,nan,nan,nan,nan,nan,0.0,0.0,100.0,-0.0,-0.0,-0.001,3.11232,0.0
5731830314,nan,nan,nan,nan,nan,nan,0.0,0.0,100.0,-0.0,-0.0,-0.001,3.1168568,0.0
5731930217,nan,nan,nan,nan,nan,nan,0.0,0.0,100.0,-0.0,-0.0,-0.001,3.120966,0.0
5732029508,nan,nan,nan,nan,nan,nan,0.0,0.0,100.0,-0.0,-0.0,-0.001,3.1248732,0.0
5732129375,nan,nan,nan,nan,nan,nan,0.0,0.0,100.0,-0.0,-0.0,-0.001,3.128625,0.0
5732229242,nan,nan,nan,nan,nan,nan,0.0,0.0,100.0,-0.0,-0.0,-0.001,3.1323047,0.0
5732329139,nan,nan,nan,nan,nan,nan,0.0,0.0,100.0,-0.0,-0.0,-0.001,3.1358585,0.0
5732429134,nan,nan,nan,nan,nan,nan,0.0,0.0,100.0,-0.0,-0.0,-0.001,3.139335,0.0
5732529489,nan,nan,nan,nan,nan,nan,0.0,0.0,100.0,-0.0,-0.0,-0.001,-3.140493,0.0
5732628768,nan,nan,nan,nan,nan,nan,0.0,0.0,100.0,-0.0,-0.0,-0.001,-3.1371956,0.0
5732729200,nan,nan,nan,nan,nan,nan,0.0,0.0,100.0,-0.0,-0.0,-0.001,-3.1338716,0.0
5732829110,nan,nan,nan,nan,nan,nan,0.0,0.0,100.0,-0.0,-0.0,-0.001,-3.1307166,0.0
5732929283,nan,nan,nan,nan,nan,nan,0.0,0.0,100.0,-0.0,-0.0,-0.001,-3.1275628,0.0
5733028842,nan,nan,nan,nan,nan,nan,0.0,0.0,100.0,-0.0,-0.0,-0.001,-3.1246665,0.0
5733128719,nan,nan,nan,nan,nan,nan,0.0,0.0,100.0,-0.0,-0.0,-0.001,-3.12169,0.0
5733228584,nan,nan,nan,nan,nan,nan,0.0,0.0,100.0,-0.0,-0.0,-0.001,-3.1189454,0.0
5733328669,nan,nan,nan,nan,nan,nan,0.0,0.0,100.0,-0.0,-0.0,-0.001,-3.1161096,0.0
5733428403,nan,nan,nan,nan,nan,nan,0.0,0.0,100.0,-0.0,-0.0,-0.001,-3.1136096,0.0
5733527657,nan,nan,nan,nan,nan,nan,0.0,0.0,100.0,-0.0,-0.0,-0.001,-3.1109712,0.0
5733628109,nan,nan,nan,nan,nan,nan,0.0,0.0,100.0,-0.0,-0.0,-0.001,-3.1085615,0.0
5733727980,nan,nan,nan,nan,nan,nan,0.0,0.0,100.0,-0.0,-0.0,-0.001,-3.106063,0.0
